Pages les plus populaires,Clics,Impressions,CTR,Position
https://www.trinexta.fr/,31,690,4.49%,12.9
https://trinexta.fr/,30,525,5.71%,18.5
https://trinexta.fr/technicien-sous-regie,2,36,5.56%,9.36
https://trinexta.fr/blog/poste-a-pourvoir-technicien-informatique-freelance-a-chevilly-larue,2,7,28.57%,3.86
https://trinexta.fr/blog/infogerance-et-support-informatique-pour-pme-a-evry-courcouronnes,0,470,0%,18.91
https://trinexta.fr/infogerance,0,354,0%,32.27
https://promo.trinexta.fr/,0,239,0%,13.76
https://trinexta.fr/contact,0,190,0%,6.37
https://trinexta.fr/a-propos,0,123,0%,2.98
https://trinexta.fr/solutions-metier,0,98,0%,3.94
https://trinexta.fr/mentions-legales,0,71,0%,11.42
https://trinexta.fr/serenite,0,68,0%,13.29
https://trinexta.fr/support-informatique,0,45,0%,4.16
https://trinexta.fr/cybersecurite,0,44,0%,6.93
https://trinexta.fr/services-annexes,0,40,0%,5.62
https://trinexta.fr/cgv,0,38,0%,6.16
https://trinexta.fr/blog/maintenance-informatique-pour-petites-entreprises-a-evry-courcouronnes-vos-outils-toujours-operationnels,0,36,0%,14.78
https://trinexta.fr/blog/pourquoi-un-helpdesk-local-change-tout-pour-vos-equipes,0,20,0%,15.25
https://trinexta.fr/blog/support-informatique-a-distance-pour-tpe-de-massy-assistance-reactive-et-illimitee-2tpe-de-senart-linteret-dun-partenaire-it-reactif-en-cas-de-panne,0,19,0%,17
https://trinexta.fr/informations-juridiques,0,16,0%,9.69
https://trinexta.fr/microsoft-365,0,16,0%,12.44
https://trinexta.fr/blog/pilotage-it-a-nanterre-aligner-votre-reseau-avec-vos-objectifs-business,0,13,0%,40.46
https://trinexta.fr/blog/pourquoi-externaliser-votre-support-it-peut-transformer-votre-entreprise,0,8,0%,7.12
https://trinexta.fr/blog,0,7,0%,10.29
https://trinexta.fr/blog/pme-dorly-comment-renforcer-la-cybersecurite-de-votre-messagerie-pro,0,7,0%,16.14
https://trinexta.fr/confidentialite,0,7,0%,17.86
https://trinexta.fr/blog/cybersecurite-7-habitudes-strategiques-pour-proteger-votre-pme,0,5,0%,8
https://trinexta.fr/blog/externaliser-le-support-it-de-votre-entreprise-a-rungis-un-atout-pour-la-productivite-edit-with,0,5,0%,10
https://trinexta.fr/blog/reduire-les-pannes-informatiques-a-la-defense-les-cles-dun-parc-bien-maintenu,0,5,0%,25.2
https://trinexta.fr/cas-clients,0,4,0%,26.25
https://trinexta.fr/blog/support-technique-pme-a-saint-denis-assistance-utilisateurs-et-depannage-a-distance-2,0,3,0%,28.33
https://trinexta.fr/blog/deploiement-dequipements-informatiques-a-malakoff-confiez-linstallation-a-un-expert,0,2,0%,4
https://trinexta.fr/blog/supervision-reseau-en-temps-reel-a-antony-un-levier-pour-prevenir-les-incidents,0,2,0%,7
https://trinexta.fr/blog/pme-a-montrouge-pourquoi-mettre-en-place-une-politique-de-securite-proactive,0,2,0%,10
https://trinexta.fr/blog/cybersecurite-pour-pme-les-5-menaces-les-plus-frequentes-en-2025,0,1,0%,1
https://trinexta.fr/blog/externaliser-son-informatique-le-calcul-gagnant-pour-la-rentabilite-de-votre-pme,0,1,0%,3
https://trinexta.fr/blog/pme-dissy-les-moulineaux-linteret-dune-maintenance-reguliere-sur-site,0,1,0%,9
https://trinexta.fr/blog/accompagnement-de-migration-windows-a-meudon-renfort-ponctuel-sur-site,0,1,0%,13
https://trinexta.fr/cloud-sauvegarde,0,1,0%,38
https://trinexta.fr/cas-clients/modernisation-it-pme-essonne,0,1,0%,39
https://trinexta.fr/blog/renouvellement-parc-informatique-pme-ile-de-france,0,1,0%,41