Ancienne_url,Nouvelle_url,Code HTTP,Statut,Décision cible,Clics GSC , Impressions GSC,Priorité
https://trinexta.com/offre-essentielle/,https://trinexta.com/nos-offres,200,Page orpheline,Rediriger,3,516,P1
https://trinexta.com/maintenance-informatique-pour-petites-entreprises-a-evry-courcouronnes-vos-outils-toujours-operationnels/,,200,Page orpheline,Rediriger,3,3228,P1
https://trinexta.com/recruter-un-technicien-support-informatique-a-villejuif-sans-passer-par-un-cdi/,,200,Page orpheline,Rediriger,4,78,P1
https://trinexta.com/reduire-les-pannes-informatiques-a-la-defense-les-cles-dun-parc-bien-maintenu/,,200,Page orpheline,Rediriger,2,1787,P1
https://trinexta.com/support-informatique-a-distance-pour-tpe-de-massy-assistance-reactive-et-illimitee/,,200,Page orpheline,Rediriger,2,1357,P1
https://trinexta.com/securiser-linformatique-de-votre-entreprise-a-creteil-solutions-simples-et-efficaces/,,200,Page orpheline,Rediriger,2,671,P1
https://trinexta.com/poste-a-pourvoir-technicien-informatique-freelance-a-chevilly-larue/,,200,Page orpheline,Rediriger,2,259,P1
https://trinexta.com/pilotage-it-a-nanterre-aligner-votre-reseau-avec-vos-objectifs-business/,,200,Page orpheline,Rediriger,1,201,P1
https://trinexta.com/pourquoi-automatiser-les-mises-a-jour-informatiques-a-versailles/,,200,Page orpheline,Rediriger,1,142,P1
https://trinexta.com/nos-clients/,https://trinexta.com/cas-clients,200,Page orpheline,Rediriger,1,93,P1
https://trinexta.com/support-informatique-a-distance-pour-tpe-de-massy-assistance-reactive-et-illimitee-2tpe-de-senart-linteret-dun-partenaire-it-reactif-en-cas-de-panne/,,200,Page orpheline,Rediriger,0,1708,P2
https://trinexta.com/entreprises-de-boulogne-billancourt-comment-garder-un-systeme-informatique-a-jour/,,200,Page orpheline,Rediriger,0,1051,P2
https://trinexta.com/support-technique-pme-a-saint-denis-assistance-utilisateurs-et-depannage-a-distance-2/,,200,Page orpheline,Rediriger,0,778,P2
https://trinexta.com/securiser-vos-serveurs-et-donnees-critiques-a-suresnes-bonnes-pratiques/,,200,Page orpheline,Rediriger,0,653,P2
https://trinexta.com/maintenir-un-serveur-local-performant-a-montreuil-conseils-aux-pme/,,200,Page orpheline,Rediriger,0,648,P2
https://trinexta.com/pme-dorly-comment-renforcer-la-cybersecurite-de-votre-messagerie-pro/,,200,Page orpheline,Rediriger,0,628,P2
https://trinexta.com/deploiement-dequipements-informatiques-a-malakoff-confiez-linstallation-a-un-expert/,,200,Page orpheline,Rediriger,0,616,P2
https://trinexta.com/externaliser-le-support-it-de-votre-entreprise-a-rungis-un-atout-pour-la-productivite-edit-with/,,200,Page orpheline,Rediriger,0,539,P2
https://trinexta.com/supervision-reseau-en-temps-reel-a-antony-un-levier-pour-prevenir-les-incidents/,,200,Page orpheline,Rediriger,0,412,P2
https://trinexta.com/infogerance-humaine-a-bagneux-deleguer-la-gestion-du-parc-utilisateur/,,200,Page orpheline,Rediriger,0,382,P2
https://trinexta.com/besoin-temporaire-de-support-it-a-cachan-faites-appel-a-un-professionnel-mobile/,,200,Page orpheline,Rediriger,0,276,P2
https://trinexta.com/integrer-un-technicien-reseau-a-fresnes-solution-rapide-pour-pme-en-projet/,,200,Page orpheline,Rediriger,0,265,P2
https://trinexta.com/assistance-de-proximite-a-gennevilliers-le-bon-reflexe-en-cas-de-panne-materielle/,,200,Page orpheline,Rediriger,0,237,P2
https://trinexta.com/structurer-votre-service-helpdesk-a-fontenay-sous-bois-avec-un-technicien-dedie/,,200,Page orpheline,Rediriger,0,236,P2
https://trinexta.com/pme-a-montrouge-pourquoi-mettre-en-place-une-politique-de-securite-proactive/,,200,Page orpheline,Rediriger,0,202,P2
https://trinexta.com/proteger-vos-postes-informatiques-a-palaiseau-antivirus-surveillance-continue/,,200,Page orpheline,Rediriger,0,184,P2
https://trinexta.com/reseaux-dentreprise-a-clamart-comment-garantir-leur-disponibilite-24-7/,,200,Page orpheline,Rediriger,0,164,P2
https://trinexta.com/pme-dissy-les-moulineaux-linteret-dune-maintenance-reguliere-sur-site/,,200,Page orpheline,Rediriger,0,158,P2
https://trinexta.com/controle-des-acces-et-protection-des-postes-a-ivry-sur-seine/,,200,Page orpheline,Rediriger,0,142,P2
https://trinexta.com/tarifs/,https://trinexta.com/nos-offres,200,Page orpheline,Rediriger,0,114,P2
https://trinexta.com/filtrage-des-e-mails-professionnels-a-vitry-sur-seine-protegez-vos-equipes-du-spam/,,200,Page orpheline,Rediriger,0,103,P2
https://trinexta.com/accompagnement-de-migration-windows-a-meudon-renfort-ponctuel-sur-site/,,200,Page orpheline,Rediriger,0,70,P3
https://trinexta.com/gerer-les-pics-dactivite-informatique-a-noisy-le-grand-renfort-flexible/,,200,Page orpheline,Rediriger,0,50,P3
https://trinexta.com/offre-decouverte-informatique-tpe-pme/,,200,Page orpheline,Rediriger,0,48,P3
https://trinexta.com/category/uncategorized/,,200,Page orpheline,Supprimer,0,3,P3